topic,sentiment_mean,sentiment_std,subjectivity_mean,subjectivity_std,counting
Causes,0.2960446552975248,1.0906175324724525,0.5127288387439989,1.3701706168642,12.0
Hazard,0.016903061636425427,0.9762514720137976,0.0065848894052175835,0.9843335670824989,307.0
Impacts,-0.13803183168029579,0.8682851182618884,-0.14168521478167295,0.791001930628849,40.0
Mitigation,-0.5309080369815461,1.0318988924711185,-0.1380772446524283,0.6317924734743403,7.0
