week,sentiment_mean,sentiment_std,subjectivity_mean,subjectivity_std,counting
2025-38,0.36475808956909495,1.0,-0.8732853994793386,1.0,1.0
2025-39,0.4489912803172843,0.6039947883835202,-0.12943599845100512,0.6607590889882333,18.0
2025-40,0.11573629987846809,1.0,-0.5277008572947868,1.0,1.0
2025-41,0.6462451415595729,0.8136152431867678,-0.3015315263886372,0.49456737572675985,8.0
2025-42,-0.10584836626605586,0.8892829251031685,-0.14046376022930712,0.8289710427002468,14.0
2025-43,-0.16778594653261433,1.0277621700357644,-0.04959319856066647,0.8777650170252386,167.0
2025-44,0.0732843347678214,0.8509159436002421,0.20326430133611575,1.2258381657108806,94.0
2025-45,0.1787974227642974,1.093866589528742,-0.010675614381283723,0.9040724033182655,30.0
2025-46,0.585823820033348,0.8046677125158097,-0.45023911368521013,0.11463770170127008,6.0
