topic,sentiment_mean,sentiment_std,subjectivity_mean,subjectivity_std,counting
Causes,0.3253207379346671,1.1166324304197637,0.51470863486265,1.4107883995812815,13.0
Hazard,0.019655354725908448,0.9740880855130021,0.0025118081524355506,0.9778681164004986,346.0
Impacts,-0.20911810702830022,0.8194686175039951,-0.1497018699606091,0.7787765693347185,44.0
Mitigation,-0.24012835692036097,1.23652755936138,0.03701479045569481,0.878710217966434,9.0
