topic,sentiment_mean,sentiment_std,subjectivity_mean,subjectivity_std,counting
Causes,0.16210863272140663,0.7132110694830719,0.9838882077689897,2.1191425984743204,8.0
Hazard,0.024940847269786286,0.965138731439634,-0.04302931064421062,0.8663308732484643,191.0
Impacts,-0.17322715115846818,0.9433554727476401,0.03298117203185958,1.044259219042079,33.0
Mitigation,-0.17874706753710415,1.2718692932716624,0.06968238448224091,0.9559144214146058,7.0
