topic,sentiment_mean,sentiment_std,subjectivity_mean,subjectivity_std,counting
Causes,0.2957784918104126,1.0896447808555576,0.5046061431820591,1.3637469390264074,12.0
Hazard,0.015874410583376575,0.9773908443525468,0.006500407819826441,0.9871377347236246,300.0
Impacts,-0.13597728703709946,0.8697890723894101,-0.14130891402960694,0.7840672954243043,40.0
Mitigation,-0.4725413528622417,1.0642113031262883,-0.12542347201187737,0.6348665851328225,7.0
