week,sentiment_mean,sentiment_std,subjectivity_mean,subjectivity_std,counting
2025-38,0.7071067811865476,1.0,-0.7071067811865476,1.0,1.0
2025-39,-0.07496539887627185,0.6852512589852044,0.09906695338723595,0.8544048484993515,16.0
2025-41,0.4259886368354159,1.013452777181834,0.0822855770443301,0.45305388866339413,4.0
2025-42,-0.0406858244179768,0.7595029456886737,-0.27052669529663687,0.39702486426231226,6.0
