topic,sentiment_mean,sentiment_std,subjectivity_mean,subjectivity_std,counting
Causes,0.23028292294319266,1.1300865913231297,0.5730970980868618,1.4166377879134688,12.0
Hazard,0.021541092296804704,0.9792491418839684,-0.0030636744420871765,0.9773935803156442,332.0
Impacts,-0.15247971141071565,0.854065869866422,-0.1336387168316908,0.8062792224125183,41.0
Mitigation,-0.49936439708928637,1.0051715003659205,0.11338134705233958,0.8923604016186517,8.0
