keyword,sentiment_mean,sentiment_std,subjectivity_mean,subjectivity_std,counting
'Hurrikan',-0.1979636236558216,0.5832181349032459,-0.33332560217258284,0.23850433944396557,7.0
'Taifun',0.25436295770222966,0.19245440497098917,1.2559289460184544,1.1534263284917823,3.0
'Tropensturm',-0.9277487166623424,0.3120348175781184,0.9309036597828997,0.31649658092772615,2.0
'Wirbelsturm',0.24000327118004172,0.7291165216030635,-0.3103722743782061,0.28734805192928875,10.0
'Wirbelstürme Klimawandel',-0.7071067811865476,1.0,0.7071067811865476,1.0,1.0
'Zyklon',0.4381819987987195,1.0494508990983318,-0.36169041806525826,0.3538341894846222,4.0
