week,sentiment_mean,sentiment_std,subjectivity_mean,subjectivity_std,counting
2025-38,0.36475808956909495,1.0,-0.8732853994793386,1.0,1.0
2025-39,0.4569056556847068,0.6051052178637907,-0.014906432007986177,0.809990995844178,18.0
2025-40,0.6584194588957132,1.0,-0.16298571945469,1.0,1.0
2025-41,0.6268605858350174,0.7131958984093975,-0.17452601206038207,0.5882692212208082,8.0
2025-42,-0.008303159781794437,0.9382003289065979,-0.03837016401747016,0.900974040329954,14.0
2025-43,-0.1739415006299814,1.0161130947439212,-0.002432019428134528,0.9560245637936723,159.0
2025-44,0.28363560096517454,0.8875777305995738,0.11496748621638338,1.1772117248658158,54.0
2025-45,-0.16002444336696395,0.6131140998174094,-0.23085516566724565,0.48127914066205035,12.0
