keyword,sentiment_mean,sentiment_std,subjectivity_mean,subjectivity_std,counting
'Hurrikan',-0.15486015386549257,0.5918914796116803,-0.31547005383792515,0.28970957828091237,5.0
'Taifun',0.37399613332159537,0.3905260266965083,0.8849001794597505,0.7855534197333868,3.0
'Tropensturm',-0.4299422794821627,0.39196979731872195,0.5063311683710515,0.2839395946374438,2.0
'Wirbelsturm',0.1963131209706393,1.0393033595452996,-0.4148642625940433,0.3699139124276241,4.0
