topic,sentiment_mean,sentiment_std,subjectivity_mean,subjectivity_std,counting
Causes,-0.7572864586348943,1.0,0.5262116819087307,1.0,1.0
Hazard,0.04659922558693081,0.8892832499031789,0.03257023749022159,0.9477813747635789,89.0
Impacts,-0.44307243927053747,0.9282948637574584,-0.1815785131566332,0.7517946727964865,8.0
Mitigation,0.032871797270905445,1.2601871142979195,-0.032943079234834374,0.7917942548365874,4.0
