topic,sentiment_mean,sentiment_std,subjectivity_mean,subjectivity_std,counting
Causes,0.3253207379346671,1.1166324304197637,0.51470863486265,1.4107883995812815,13.0
Hazard,0.019285888422857403,0.973294719352611,0.0019148837832300715,0.9786083877384,351.0
Impacts,-0.20959392368206353,0.8278606281134668,-0.14579996314176835,0.7751334590278359,44.0
Mitigation,-0.2343947014869322,1.2474865605228789,0.040540904301166004,0.8757987130388896,9.0
