week,sentiment_mean,sentiment_std,subjectivity_mean,subjectivity_std,counting
2025-38,0.36475808956909495,1.0,-0.8732853994793386,1.0,1.0
2025-39,0.4999527631166482,0.6174303392026895,-0.07917958297685149,0.6818727931248155,18.0
2025-40,0.3530815381254444,1.0,-0.3560425210419956,1.0,1.0
2025-41,0.6651541195894464,0.7728462744930458,-0.2739829454435485,0.4990597496793694,8.0
2025-42,-0.03784231930584774,0.9507203673310737,-0.10082136554368255,0.8460517751469572,14.0
2025-43,-0.15271347326366344,1.05774539645301,-0.03540130495697886,0.8795994828058596,165.0
2025-44,0.13176616110051875,0.8503035486901882,0.19618664596878188,1.2543789510202397,87.0
2025-45,-0.027893064981700487,0.7649748786896142,-0.26921474580261695,0.4687495835157338,19.0
2025-46,-0.21648815601025867,1.0,-0.31343849088744696,1.0,1.0
