topic,sentiment_mean,sentiment_std,subjectivity_mean,subjectivity_std,counting
Causes,0.26655595941797733,1.1176344485479581,0.5485859876137433,1.3950806701983598,12.0
Hazard,0.016901515123736506,0.9773763080826102,-0.0011829885617961851,0.9788247746597495,312.0
Impacts,-0.12386655645264555,0.8695994318873642,-0.14011923786777672,0.7953883526512094,41.0
Mitigation,-0.47521693224676936,0.9854250994356142,0.10202691582374254,0.8816061302616736,8.0
