topic,sentiment_mean,sentiment_std,subjectivity_mean,subjectivity_std,counting
Causes,-0.7071067811865476,1.0,0.7071067811865476,1.0,1.0
Hazard,0.06440795312255955,0.7409960542538448,-0.024254449216106127,0.7372541984086559,26.0
