topic,sentiment_mean,sentiment_std,subjectivity_mean,subjectivity_std,counting
Causes,0.32882769171602444,1.072979213719453,0.4274435494919539,1.3530644895297097,14.0
Hazard,0.018820018979767657,0.9715650443979287,-0.0002890588941916941,0.9764110584858854,356.0
Impacts,-0.20689132700031082,0.8356692245488737,-0.15681069900338612,0.7540912277907161,44.0
Mitigation,-0.2358522249570944,1.270725111867941,0.20530140523862894,1.1182476961586112,11.0
