topic,sentiment_mean,sentiment_std,subjectivity_mean,subjectivity_std,counting
Causes,0.26655595941797733,1.1176344485479581,0.5485859876137433,1.3950806701983598,12.0
Hazard,0.01658920662971808,0.9779251446699972,-0.001038662223729844,0.9787270128461412,313.0
Impacts,-0.12190981434249931,0.8657781718026599,-0.14123512117130935,0.796876468970955,41.0
Mitigation,-0.47521693224676936,0.9854250994356142,0.10202691582374254,0.8816061302616736,8.0
