topic,sentiment_mean,sentiment_std,subjectivity_mean,subjectivity_std,counting
Causes,0.25701478342025713,1.1211952383865345,0.5723264961580322,1.4150686632978255,12.0
Hazard,0.01679546841390968,0.9797305365747662,-0.0023201814025874505,0.977368268041434,320.0
Impacts,-0.12221918416301383,0.8537322677267802,-0.13976544828903958,0.7991971141352594,41.0
Mitigation,-0.4753021155116053,0.9944790212869808,0.10945093081927879,0.8851407046246915,8.0
