week,sentiment_mean,sentiment_std,subjectivity_mean,subjectivity_std,counting
2025-38,0.25080680578125714,1.0,-0.8088760610861019,1.0,1.0
2025-39,0.4343773678427705,0.6034169479859097,-0.011211459281066927,0.8762038243800411,18.0
2025-40,0.47579062173061654,1.0,-0.383015022700433,1.0,1.0
2025-41,0.6259116442751952,0.7026357999226638,-0.18703946278787242,0.591159283183909,8.0
2025-42,0.01313793955355844,0.9057151547692904,-0.03926193122019538,0.8729130333814973,14.0
2025-43,-0.18707622876243116,1.0081111802609568,0.0021349110810616736,0.9388028764276467,154.0
2025-44,0.34379282756623136,0.8630636780190538,0.05584876760104096,1.212516043690145,41.0
2025-45,0.13946663639570936,0.27764919324064463,0.1074565674537859,0.6972421469717712,6.0
