topic,sentiment_mean,sentiment_std,subjectivity_mean,subjectivity_std,counting
Causes,0.031353138194664794,0.8348370420358545,0.8646643640600308,1.6848001818534335,10.0
Hazard,0.025523139227559485,0.9753801932167145,-0.0142228322616634,0.9511575882094994,253.0
Impacts,-0.10861410323268497,0.9131295848456016,-0.07574429597844516,0.8508543061750065,40.0
Mitigation,-0.4558221244708596,1.1402452437587784,-0.0811793052503267,0.625351879588635,7.0
