topic,sentiment_mean,sentiment_std,subjectivity_mean,subjectivity_std,counting
Causes,0.30649830767907454,1.111324473021331,0.5094948421252347,1.3670188949089215,12.0
Hazard,0.01597078763430189,0.9767396906106794,0.0010952508687210262,0.9808731652333148,308.0
Impacts,-0.13711132891791705,0.8694686159345145,-0.1418380732742567,0.7963758783676758,40.0
Mitigation,-0.45128092686639915,0.9892781156955109,0.08773920318882558,0.8734675705986809,8.0
