week,sentiment_mean,sentiment_std,subjectivity_mean,subjectivity_std,counting
2025-38,1.10756990415969,1.0,-0.8206945344647688,1.0,1.0
2025-39,0.5616557815291413,0.6583235945985966,0.03406051589434943,0.8643752204533963,18.0
2025-40,0.15612870309889523,1.0,-0.8320502943378438,1.0,1.0
2025-41,0.41962074168455704,0.7510404437327541,-0.06211357384769348,0.5017194052705992,7.0
2025-42,-0.13176295201586366,0.9697312782258599,-0.021113590944689807,1.0480384173431625,14.0
2025-43,-0.19824316729540326,0.9064109681503713,0.029500680547730584,0.9391396688924984,65.0
