topic,sentiment_mean,sentiment_std,subjectivity_mean,subjectivity_std,counting
Causes,0.3253207379346671,1.1166324304197637,0.51470863486265,1.4107883995812815,13.0
Hazard,0.01764730342322542,0.9777660850768988,0.0027852500664681356,0.9819728359904611,341.0
Impacts,-0.19198160327286642,0.8284253991242144,-0.1516576894489264,0.7812382969902011,44.0
Mitigation,-0.24012835692036097,1.2365275593613803,0.03701479045569481,0.878710217966434,9.0
