topic,sentiment_mean,sentiment_std,subjectivity_mean,subjectivity_std,counting
Causes,0.2628603704079868,1.1188635457098839,0.5559911969255923,1.3997960343316673,12.0
Hazard,0.016059306736637368,0.9795865398035819,-0.002199413806443581,0.9779832371507043,317.0
Impacts,-0.11704527465741016,0.8544408201027225,-0.13576260191636869,0.8031634567134464,41.0
Mitigation,-0.4753021155116053,0.9944790212869808,0.10945093081927879,0.8851407046246915,8.0
