topic,sentiment_mean,sentiment_std,subjectivity_mean,subjectivity_std,counting
Causes,0.24400261741500484,1.1253623451584234,0.5950565690158286,1.442119134505592,12.0
Hazard,0.02514098397939988,0.9812824572890528,0.00015490449154901805,0.9791592620083092,340.0
Impacts,-0.17759531229535883,0.8404795815017824,-0.15659065226660776,0.7860542162547887,44.0
Mitigation,-0.5010288194608391,1.0233719853647367,0.11926086985819404,0.9015871015460161,8.0
