topic,sentiment_mean,sentiment_std,subjectivity_mean,subjectivity_std,counting
Hazard,0.01950396825396824,0.6882819232832316,0.03075396825396823,0.6847654233746899,14.0
