topic,sentiment_mean,sentiment_std,subjectivity_mean,subjectivity_std,counting
Causes,0.2628603704079869,1.1188635457098839,0.5559911969255923,1.3997960343316673,12.0
Hazard,0.016012596834081527,0.9796525063676081,-0.0012969561024343552,0.9784953329379396,318.0
Impacts,-0.1170769570361661,0.8544351092964565,-0.14299563089858944,0.7974445447109542,41.0
Mitigation,-0.47530211551160534,0.994479021286981,0.10945093081927879,0.8851407046246915,8.0
