topic,sentiment_mean,sentiment_std,subjectivity_mean,subjectivity_std,counting
Causes,0.02603292286274646,0.8721907150488173,0.6680911529865936,1.411075504251564,10.0
Hazard,0.025151693771699492,0.9831602121021926,0.0009343613347519916,0.9784671412190762,278.0
Impacts,-0.10898016560656262,0.877263094821222,-0.11555631165936835,0.8267871345432438,40.0
Mitigation,-0.47376795655171294,1.1087288704032365,-0.11524077758863317,0.6231191993335459,7.0
