topic,sentiment_mean,sentiment_std,subjectivity_mean,subjectivity_std,counting
Causes,0.33147820764376196,1.0710248212668734,0.4487843523465503,1.3879276589435507,14.0
Hazard,0.02166200445194907,0.9724252765752254,0.0061024508039953735,0.9817381083529567,354.0
Impacts,-0.20736126808326327,0.8306064066155119,-0.1550541910442456,0.7581898365334205,44.0
Mitigation,-0.35802607226713007,1.2518802237755355,-0.03054098611072248,0.8556477847894459,10.0
