topic,sentiment_mean,sentiment_std,subjectivity_mean,subjectivity_std,counting
Causes,0.22965317414196912,0.7664823394499537,0.7976103223796225,1.899745742403073,8.0
Hazard,0.022971986872870186,0.9764521679109758,-0.015817397014059664,0.9227903179155704,245.0
Impacts,-0.136015571942718,0.8975421735016373,-0.0003614688164839767,1.0376338268566236,38.0
Mitigation,-0.445183871185793,1.1095849990580209,-0.11963790632048744,0.5821479528593894,7.0
