topic,sentiment_mean,sentiment_std,subjectivity_mean,subjectivity_std,counting
Causes,-0.33271204378742375,1.0,0.625,1.0,1.0
Hazard,0.06081595626224195,0.9640205447497525,0.008437732414722406,0.9538069973431261,154.0
Impacts,-0.2964740314983018,0.7327112671834226,-0.02124942465531819,1.0574102589282914,27.0
Mitigation,-0.18859222802788325,1.3119585006102523,0.010533291407454928,0.8639550407927258,7.0
