topic,sentiment_mean,sentiment_std,subjectivity_mean,subjectivity_std,counting
Causes,0.32194138429399755,1.1185694001713433,0.5183094571246822,1.416165283693928,13.0
Hazard,0.01976650063047578,0.9732740204937791,0.0016328512533075672,0.9783277295775078,352.0
Impacts,-0.21207080817555155,0.8283292717533287,-0.14487576120357634,0.7754070837523029,44.0
Mitigation,-0.23690717007726164,1.2464078537911534,0.04120691726325512,0.8753633313621307,9.0
