topic,sentiment_mean,sentiment_std,subjectivity_mean,subjectivity_std,counting
Causes,0.3350818111860486,1.074250723359579,0.4288437565980982,1.3533355412713646,14.0
Hazard,0.016378653951855386,0.9714845938747189,0.0003726618072476797,0.9758772319745508,371.0
Impacts,-0.19509794592686217,0.838543326799669,-0.16296322341813327,0.7517006887951285,44.0
Mitigation,-0.23983769468864874,1.2619075469758023,0.20791296269675533,1.1210748905390089,11.0
