topic,sentiment_mean,sentiment_std,subjectivity_mean,subjectivity_std,counting
Causes,0.29818763611642235,1.089559669753395,0.49406225441346696,1.3495300095936298,12.0
Hazard,0.014797520149924213,0.9757217545467033,0.005579297405627761,0.9861623809963036,294.0
Impacts,-0.1291960849733821,0.8764917860932415,-0.13079847049755874,0.8024678769506038,40.0
Mitigation,-0.45854889642094715,1.0749213129084232,-0.11651657294337868,0.6283989172509044,7.0
