topic,sentiment_mean,sentiment_std,subjectivity_mean,subjectivity_std,counting
Causes,0.3566514893142632,1.1086921082753443,0.43027498091710353,1.3540018426489562,14.0
Hazard,0.015405713454734921,0.9705744392614408,-0.00020283351173813605,0.9760986531983414,388.0
Impacts,-0.20220417595408502,0.834631874970797,-0.15951705335045316,0.7615409358871789,44.0
Mitigation,-0.23003619086048965,1.2879936355301396,0.2122898154836202,1.122755558550494,11.0
