domain,sentiment_mean,sentiment_std,subjectivity_mean,subjectivity_std,counting
www.zeit.de,0.019791666666666666,0.09380924054223608,0.03333333333333333,0.06666666666666667,4.0
www.stern.de,-0.07388888888888888,0.09062029042679699,0.022222222222222223,0.03849001794597505,3.0
www.tagesspiegel.de,-0.03499999999999999,0.2474873734152916,0.05,0.07071067811865477,2.0
orf.at,0.0,1.0,0.0,1.0,1.0
www.bild.de,0.0,1.0,0.0,1.0,1.0
www.faz.net,0.0,1.0,0.0,1.0,1.0
www.jw.org,0.0,1.0,0.0,1.0,1.0
www.nzz.ch,0.0,1.0,0.0,1.0,1.0
