week,sentiment_mean,sentiment_std,subjectivity_mean,subjectivity_std,counting
2025-38,0.12675195033549175,1.0,-0.6168672217255657,1.0,1.0
2025-39,0.4534339211253972,0.5920063024957654,0.08387302345457553,0.9981056299255123,18.0
2025-40,0.5343041371131615,1.0,-0.04007487638589499,1.0,1.0
2025-41,0.535193292948719,0.6719820083527926,-0.022660089246594156,0.6485756881788187,7.0
2025-42,-0.0206725378909845,0.9435730492714748,0.08616462369904547,1.1833322935454802,14.0
2025-43,-0.1684705367342121,0.967915748830474,0.03544538560732635,0.9815255547567879,137.0
2025-44,0.6906740354073655,0.8107949421270411,-0.44012716136967,0.24868404386955575,15.0
