topic,sentiment_mean,sentiment_std,subjectivity_mean,subjectivity_std,counting
Causes,0.16050313137234748,0.7269865428624634,1.00613817793621,2.172353941572966,8.0
Hazard,0.03074176766013123,0.9795414533349496,-0.027346214270307395,0.8852185165345879,211.0
Impacts,-0.1603404303241187,0.8845696363785218,-0.04193447701571236,0.9874196380191033,37.0
Mitigation,-0.37701265145559354,1.1753079249278586,0.07719491481224137,0.9400459849377374,7.0
