week,sentiment_mean,sentiment_std,subjectivity_mean,subjectivity_std,counting
2025-39,0.09909439499166312,0.7162436478519795,0.08055555555555552,0.8012817663817157,10.0
2025-41,0.2333333333333333,1.0,0.0,1.0,1.0
2025-42,-0.31707390923146966,0.7391035274757878,-0.125,0.33071891388307384,3.0
