week,sentiment_mean,sentiment_std,subjectivity_mean,subjectivity_std,counting
2025-38,0.36475808956909495,1.0,-0.8732853994793386,1.0,1.0
2025-39,0.4905595196006658,0.6113796284345481,-0.03185592161631999,0.785091349268121,18.0
2025-40,0.3530815381254444,1.0,-0.3560425210419956,1.0,1.0
2025-41,0.6577188713418254,0.7749787087894444,-0.2728501510765578,0.5017818615642033,8.0
2025-42,-0.028637405166129747,0.9335422623961841,-0.11097404084548253,0.8530154986615974,14.0
2025-43,-0.15597930123043688,1.0510567190612707,-0.022692133145791063,0.9507827376911031,160.0
2025-44,0.13891283792518175,0.8586469780943173,0.17130510842157226,1.1483609779854893,81.0
2025-45,-0.03592711700593042,0.7549884998647652,-0.2690832239047891,0.46905947899431044,19.0
