topic,sentiment_mean,sentiment_std,subjectivity_mean,subjectivity_std,counting
Causes,0.3253207379346671,1.1166324304197637,0.51470863486265,1.4107883995812815,13.0
Hazard,0.017486347658072766,0.9736050295415833,0.0025118081524355498,0.9778681164004986,345.0
Impacts,-0.1917629984148105,0.8280054057521469,-0.1497018699606091,0.7787765693347185,44.0
Mitigation,-0.24012835692036097,1.2365275593613803,0.03701479045569481,0.878710217966434,9.0
