topic,sentiment_mean,sentiment_std,subjectivity_mean,subjectivity_std,counting
Causes,0.30649830767907454,1.111324473021331,0.5094948421252347,1.3670188949089213,12.0
Hazard,0.017386031851513925,0.9758285340212524,0.0003792422441659406,0.9809270385368469,309.0
Impacts,-0.1413969770937023,0.8733097845974942,-0.14011923786777672,0.7953883526512094,40.0
Mitigation,-0.47521693224676925,0.9854250994356141,0.10202691582374254,0.8816061302616736,8.0
