topic,sentiment_mean,sentiment_std,subjectivity_mean,subjectivity_std,counting
Causes,0.29531743180652525,1.0917284553866355,0.5037717276693944,1.3730141642375973,12.0
Hazard,0.01662821594982943,0.977691930821631,0.0016951666620033592,0.9810276256689995,307.0
Impacts,-0.13837068737119218,0.8683430981310186,-0.1446749798656453,0.7917848852825105,40.0
Mitigation,-0.45128092686639915,0.9892781156955109,0.08773920318882558,0.8734675705986809,8.0
