topic,sentiment_mean,sentiment_std,subjectivity_mean,subjectivity_std,counting
Causes,0.24400261741500484,1.1253623451584234,0.5950565690158286,1.442119134505592,12.0
Hazard,0.021095873243142528,0.9787559052773512,0.0014986091545719778,0.9807042679849981,341.0
Impacts,-0.1889799438360775,0.8290344780929261,-0.15226439857209137,0.7814849771572853,44.0
Mitigation,-0.24012835692036097,1.23652755936138,0.03701479045569481,0.878710217966434,9.0
